{
  "train_loss": [
    7.419621227168236,
    6.813573416541605,
    6.692116472901416,
    6.5568042803211375,
    6.4253335960772855,
    6.294602033470859,
    6.181243872442165,
    6.081724178891222,
    5.97907650971613,
    5.883233843731279,
    5.795145118937773,
    5.707676554928307,
    5.624725658352635,
    5.54799533491375,
    5.476253345233052,
    5.39887633844584,
    5.326974836718135,
    5.261976077776997,
    5.19025847491096,
    5.131233756281748,
    5.070813291213092,
    5.011256458378639,
    4.949453978979287,
    4.8947215521035075,
    4.839906283787319
  ],
  "val_loss": [
    6.87690486226763,
    6.800672973905291,
    6.698249987193516,
    6.596808195114136,
    6.511393070220947,
    6.444423368998936,
    6.395906823022025,
    6.3562376499176025,
    6.317732572555542,
    6.281462567193167,
    6.249887364251273,
    6.21647082056318,
    6.195198365620205,
    6.1762209960392545,
    6.153342315128872,
    6.143328292029245,
    6.116622720445905,
    6.119845696857998,
    6.106208869389126,
    6.094614573887417,
    6.084052971431187,
    6.059443848473685,
    6.063821962901524,
    6.063786847250802,
    6.057182788848877
  ]
}